{
    "user1": {
      "companyname": "WarnerBros",
      "employee":"Jack, Harry, Bella, Kate, Lily",
      "position":"Managers",
      "location":"Burbank, California",
      "id": 1
    },
  
    "user2":  {
      "companyname": "Disney",
      "employee":"Emily, Peter, John, Taylor, Faye",
      "position":"Representatives",
      "location":"Burbank, California",
      "id": 2
    },
  
    "user3":  {
      "companyname": "Netflix",
      "employee":"Duke, Ron, Hans, Anna, Paul",
      "position":"Analysts",
      "location":"Los Gatos, California",
      "id": 3
    }


  }